"Sa2id","GapScore"
"801081091",28.5627877916667
"309081259",44.3035179166667
"104011081",163.653014625
"121031409",178.174518041667
"702011046",56.435242875
"403041088",0
"702041063",90.1624592083333
"117031331",218.224209583333
"701041036",34.291293625
"312021344",132.281003291667
"111031229",119.811347291667
"124011453",120.654678083333
"212031302",219.785953541667
"103041079",123.254035083333
"302021028",101.314505375
"312021346",39.767183875
"119031374",263.255140666667
"113011256",206.605823708333
"507031261",67.8544837916667
"122011418",221.403364166667
"114021288",37.77448525
"205011076",172.164388958333
"801011011",35.1375714166667
"312021342",159.713503708333
"103021062",71.5272577916667
"407031169",58.0656024166667
"702011049",42.0504744583333
"315031411",29.956937875
"213041358",190.209105708333
"304021086",109.877462083333
"217011421",105.605192541667
"102021045",118.53149925
"128021535",227.984202708333
"306011138",58.1428552916667
"202011019",127.102597083333
"115011296",138.076822666667
"205031088",0
"119031370",149.748094875
"201031015",47.5535058333333
"312031360",0
"306011142",150.299525916667
"313021365",290.14000825
"110031198",51.54534625
"127021521",0.3785115
"402051055",131.680127166667
"505021089",220.080351375
"303021052",126.381548541667
"509011230",48.1052277916667
"111031232",80.017355625
"316051435",95.0323705416667
"209041220",195.984366333333
"215031405",67.50294675
"403031069",171.224917041667
"401021004",188.163683583333
"801111140",0
"114011272",93.9225027083333
"303021053",175.917337291667
"314031391",111.511982541667
"317011453",102.878078833333
"301021008",62.925391125
"213021345",56.6430053333333
"302031036",2.09450833333333
"214011373",198.946428958333
"306021144",86.8172529166667
"701021026",36.8538172916667
"102021056",163.898967375
"206021112",205.05992075
"304021091",59.0358840416667
"125031479",201.0575765
"307021180",79.8984341666667
"213051366",257.958422833333
"203031052",44.500662875
"207021156",121.120444375
"301021527",97.2821298333333
"407011147",79.0434660833333
"209031211",41.733606
"401061020",65.7438107083333
"104021085",110.378502958333
"119041382",175.740137416667
"204021065",40.927053625
"505031101",140.998104958333
"801061067",63.2650399166667
"315021405",201.479350458333
"117031330",180.912794583333
"206031116",158.756119916667
"511041285",120.607920208333
"601041023",110.215332458333
"309091540",159.739315333333
"210031439",31.85947175
"311041321",278.320873333333
"604021086",50.4657312916667
"509031249",49.2263098333333
"602021054",60.9126062916667
"313021367",42.48051725
"117031334",242.082049666667
"305031121",56.5898092916667
"319011492",55.8922588333333
"310031289",59.6014562083333
"112031250",142.27494725
"213011329",106.885093583333
"104021086",41.0472790416667
"101041026",84.59041125
"306021156",88.7074809166667
"310031290",66.0674869583333
"106011110",95.4019350416667
"212031301",280.21187975
"312011337",97.0568162916667
"108051171",57.568059625
"601051030",64.462048875
"501021010",33.3281275833333
"118011345",170.505145
"309091264",69.3165023333333
"208021182",147.215351541667
"204031071",49.6711259166667
"307011178",44.7983646666667
"107041147",95.299739
"402041047",185.744469625
"801031115",1.87541829166667
"315031412",39.0711627916667
"210021233",36.9193760416667
"106041128",62.2660367083333
"506011113",209.833233083333
"801051127",17.8500443333333
"211011258",115.202458333333
"702051065",27.3501575
"311061332",167.661862708333
"122031432",39.6538760833333
"209031210",37.757679375
"127011592",0.651797583333333
"209011203",199.186297416667
"403021062",156.931785916667
"309041241",45.4691641666667
"118011347",0
"301031019",98.770095375
"303021055",100.62023525
"109011173",104.831140166667
"506031125",108.927766666667
"212031304",164.285982708333
"407031170",70.6604876666667
"307031188",61.3721765416667
"206061136",222.822157291667
"212041460",203.544513958333
"120031391",270.27141025
"201031017",55.2890749166667
"402021028",192.407227708333
"505021093",150.025411625
"104021091",134.48887625
"505021094",83.5948550416667
"205031089",96.9199280416667
"204011061",0
"319021504",54.2333756666667
"601031017",117.225821708333
"302031037",8.92627216666667
"801061063",17.940963875
"402051052",175.04217125
"303041070",78.5547840833333
"401031013",169.964378708333
"108051169",219.231785583333
"101061542",123.936973791667
"207021424",160.524952
"120021387",174.172895375
"111031225",178.53611
"101021011",181.150384625
"107011131",251.877454666667
"127011597",165.59438375
"119041377",139.295164958333
"308051530",64.0478413333333
"115011555",128.945599666667
"305021115",64.2430980416667
"212051327",218.671503333333
"304031093",52.8649177916667
"108031161",4.33729891666667
"207021159",185.182315083333
"509031247",46.122655875
"506051140",160.399227875
"405041125",51.7475774166667
"801071080",20.2901465416667
"801051050",55.3618827083333
"311061329",72.6203255
"316051544",78.447697875
"116011560",133.577018
"112031550",167.553051083333
"128021536",228.749004125
"303021059",104.619412833333
"401041014",97.67609025
"403021064",158.943874708333
"211051283",105.587025875
"217041480",137.989958041667
"310021280",212.729066458333
"505011072",166.242153875
"507011259",89.205025625
"216031416",199.184266125
"204011062",37.77398525
"213041357",253.945494291667
"206051129",171.57334425
"502011028",108.959182375
"303031060",166.570663458333
"214021381",195.808639
"801011005",30.3989825833333
"123021442",254.356143083333
"121031411",208.807869083333
"305021113",46.7587593333333
"306021149",106.471713625
"602011043",41.5507669166667
"213041462",67.351082125
"207011153",277.573577666667
"316051437",71.3812047916667
"109031185",103.74977425
"310021279",0.031917625
"121011400",292.602202416667
"316051438",110.81754575
"312031361",88.2039106666666
"212031306",168.268493625
"801011007",56.21332525
"210041240",138.654839916667
"209041433",120.276501833333
"303011050",71.3282303333333
"126011495",294.56054025
"604011081",41.7536609166667
"401011002",76.1136269583333
"404021102",0
"801091099",25.885317125
"124041466",148.8671485
"801031114",1.03811495833333
"309091541",187.284460708333
"317011452",76.9251793333333
"101021007",41.3818729166667
"401011001",170.598007708333
"113021261",67.0796274583333
"203021042",238.729948083333
"127021513",224.748299083333
"122031429",232.190276208333
"801071088",40.0615267916667
"402031036",248.933729208333
"211041269",115.978926416667
"213041356",204.910248333333
"507011148",189.137712333333
"114011282",163.66565575
"311061334",100.577205875
"701021013",40.2404207916667
"204011057",93.5851597916667
"127031600",190.962573791667
"106041129",88.102267625
"212011292",309.8272825
"213041463",219.601253666667
"209041431",143.899444083333
"307011176",73.687771875
"505031100",180.316665583333
"203011034",68.5923420416667
"206021110",98.8054580833333
"506011112",59.5895385833333
"207011155",179.358748583333
"205051101",146.370491375
"109031182",79.2000248333333
"112011238",62.91158525
"102021050",114.509851041667
"121031408",252.142913166667
"102021053",161.241608458333
"123021438",219.302961833333
"119011572",174.46526575
"206051130",182.959997041667
"210011230",75.93059375
"208021174",247.00986775
"601021009",49.55506525
"403041084",143.932916625
"203021037",149.905349666667
"315011400",63.9591120833333
"112011236",183.990302291667
"506041136",146.207265333333
"212031458",183.420455541667
"701041039",36.5117764166667
"112021245",74.2101224583333
"403011056",148.74903675
"209041430",228.357880875
"319051525",88.4560300833333
"313041376",32.4562674166667
"105031101",182.532527041667
"111031227",160.939322375
"505011076",95.2233488333333
"210051441",91.648100375
"108021159",81.876272
"319021506",102.372749958333
"312021343",38.0273537083333
"506071145",153.467374625
"403041077",112.814912958333
"404011093",190.21457825
"213041461",51.771440125
"302031038",71.969055375
"702011051",27.0673771666667
"507051190",124.690830125
"203031048",142.380592208333
"307031186",49.0812459583333
"202021029",47.4396412083333
"119031368",259.450941375
"312021345",0.169060666666667
"601051033",63.4264064583333
"505031105",203.640849208333
"501021008",71.7736869166667
"208011173",183.456679041667
"302031040",135.5540225
"209031209",251.442947
"405031121",57.7054810833333
"404031109",53.6063015833333
"111011210",95.5303820416667
"302041046",97.1968514166667
"901041004",0
"319041519",60.6308202083333
"313021369",42.4211545416667
"602011052",49.4219790416667
"801071078",79.994355625
"702031061",57.70990125
"901031003",0
"702031059",30.07512625
"102011036",85.917980875
"801071074",54.4689107916667
"204031074",261.085599125
"105031099",84.9992541666667
"312021353",86.3148257083333
"127021511",266.9798655
"405021117",52.2812887916667
"208031185",126.844952125
"206041119",57.3428322916667
"123031448",97.59291975
"104021088",94.4199062916667
"106031119",61.1708649166667
"402051050",95.597721125
"115011290",248.338435458333
"116011303",183.518624125
"210051443",178.050069125
"107041148",122.418621916667
"319031514",197.400045791667
"121011401",116.543277
"119031369",259.340604208333
"103011059",119.791649333333
"315031410",22.6574115833333
"306031163",28.7393075833333
"305011110",81.478401625
"205021081",156.138564958333
"301031021",160.657148041667
"407031163",18.1755264583333
"503011034",113.911223958333
"406011136",235.144221333333
"202021031",73.7651109583333
"110011189",34.2645995
"302041045",132.199503291667
"209011200",125.65738825
"801071090",79.242832625
"505011073",144.3374575
"303061077",91.7192140416667
"110011188",64.174455
"103021067",118.047399625
"122031424",151.582623
"109011172",160.506810875
"507051186",92.2345333333333
"404011091",155.712804416667
"314011385",86.3616060416667
"316031428",127.461720333333
"801081098",38.0030478333333
"318021468",108.728398208333
"101031015",34.8563127916667
"511031280",94.7396649166667
"315011402",50.758053125
"125041489",241.658981333333
"112031552",87.0417075833333
"102011034",78.4070292916667
"511041286",85.8445262083333
"113031268",47.5911175833333
"114011277",169.558249708333
"701031034",0
"125041492",319.229403333333
"115011556",104.136315125
"501011003",112.649518958333
"215031400",65.8327577083333
"317011448",80.2352515416667
"215021399",62.3143719583333
"507011158",26.550893125
"404011090",83.1372573333333
"503011030",72.6397156666667
"404011096",155.464657541667
"501021253",129.005106083333
"509021238",42.4283486666667
"113031265",66.7374492916667
"407011148",154.184840791667
"312011339",39.3227822083333
"316021423",102.707965166667
"308031216",63.7542474583333
"121031410",221.950242208333
"509021237",43.5765498333333
"118011344",120.673458416667
"101051539",245.414396458333
"213051468",128.662062625
"307011171",46.8576750416667
"309071257",99.3842518333333
"308041529",61.6586292916667
"110041201",82.36589525
"604011077",38.6692336666667
"602011050",37.3511385
"127011505",96.48410875
"203021047",157.535026666667
"217031475",76.19093475
"102021055",57.0284050833333
"406021139",18.2747397333333
"125041490",85.659751625
"317011445",74.758418125
"701021016",34.8660892916667
"403031067",128.898403625
"506051141",125.512827583333
"318011462",87.028621375
"213031347",201.339641
"119011571",178.755841166667
"302021027",133.670631666667
"123021441",177.759085083333
"301021013",162.718323041667
"207031167",109.503395666667
"319021510",0.0846136666666667
"315011403",42.4572624583333
"314011384",91.7194081666667
"801041035",71.5625713333333
"301011003",161.264973083333
"602031064",64.7478624166667
"212031303",95.4821898333333
"113031267",178.211431833333
"212051319",202.216167833333
"217041479",224.62807175
"121021403",197.497912333333
"211011448",159.51397625
"318021489",45.3584662083333
"317011459",141.709733958333
"319041521",134.579880083333
"801101135",18.970939625
"504031066",110.386464083333
"318021473",240.269404041667
"310031294",49.8221022916667
"511031283",51.163216625
"205041095",176.414935
"111031231",124.654216458333
"101021009",117.67247625
"306051169",89.7604860416667
"701021030",27.2379122916667
"303041067",59.9377442083333
"208011170",175.08411825
"505031099",253.331390833333
"109021179",38.6313435
"310021277",127.38032825
"309061246",131.940828958333
"308031219",45.124403625
"118011341",189.164575041667
"117031333",238.559524708333
"212041310",139.247914
"105011093",50.2248334583333
"507051193",115.031756541667
"128021608",78.0499079583333
"313041375",200.617200375
"407011144",119.790847291667
"304041100",76.93423425
"211051279",61.0315002916667
"119021364",262.377502083333
"211051281",241.180050291667
"801081096",22.6057449166667
"504011044",163.593126375
"319011501",59.761793375
"316021419",72.1266160416667
"212011291",202.887965416667
"507041175",121.404203
"126021501",133.617519916667
"319051522",101.593346375
"127021520",117.045986458333
"506011117",111.335143458333
"124041467",165.052890125
"504011045",250.301298833333
"303031066",117.702117375
"211031452",50.860829
"308031215",73.8235266666667
"407021158",35.205045875
"405011113",33.80175275
"213011339",131.807103541667
"127011595",133.394651458333
"106011111",188.433989458333
"315031409",46.0384010833333
"124051469",69.8695470416667
"107011545",150.594284541667
"303061078",158.568641625
"111031226",146.358932625
"511021276",53.891954875
"105011094",44.7176060416667
"105031103",59.9001305416667
"128021538",225.712661166667
"801061064",48.8180167083333
"309011224",85.32465775
"105031105",70.562033
"119041379",176.032174458333
"104011080",199.697442375
"114011283",53.7266936666667
"211011255",72.443237375
"506041134",217.468797708333
"102011033",69.0198260833333
"702011052",48.520737
"202011023",53.9911189583333
"216021413",130.14107925
"108051170",131.415227416667
"311011305",148.812368166667
"403041083",63.78727875
"213011334",220.606784333333
"701011006",28.86443275
"127021509",173.432344916667
"505011082",105.393020125
"208031191",96.9094280416667
"702011053",32.8755164583333
"208021176",199.938292958333
"206071141",96.733755625
"305031127",54.6367773333333
"601021004",62.9305577916667
"319031513",71.3490362083333
"117021326",292.518947625
"125011585",97.1923533333333
"111031223",89.579090125
"205031093",236.482406541667
"509031248",27.511421875
"306021147",115.7122425
"311061330",112.499705416667
"603011066",32.8534455833333
"210051245",192.217890541667
"206071142",117.921013291667
"603031073",25.0444020416667
"209031213",102.574073083333
"801071081",46.2268538333333
"405011115",49.269336
"311051326",113.984890625
"103021066",38.4043652083333
"209011196",107.798898833333
"504031068",106.903981833333
"120031392",114.909282083333
"213051466",158.641921958333
"206071140",94.8649490833333
"126021590",44.7403646666667
"318011463",39.7628230833333
"311021307",145.3553745
"101031014",71.9901945833333
"401041016",231.301416041667
"402041040",158.563084791667
"604021091",65.7255029166667
"301011002",81.1574195
"120021389",153.661852916667
"313021368",91.3385614166667
"404031106",136.330435666667
"701021012",14.663278
"308051533",145.474878333333
"113011257",138.258795208333
"303021056",90.9110499166667
"507051187",148.727756416667
"213011338",204.574489708333
"317011456",144.144198875
"113031266",71.5375145
"319011496",58.3080551666667
"504031065",58.7605685833333
"509011226",36.675368375
"407031166",38.9362981666667
"305031130",79.42314425
"701021023",28.704179875
"702011054",25.106282625
"124041468",79.75748525
"305031120",66.0099575833333
"509011232",38.8329884583333
"124011449",60.1904185416667
"216031415",84.2329272083333
"309101267",94.4247964583333
"801081097",28.0960234166667
"504011046",139.008600458333
"510011263",88.360303375
"217041478",100.587817625
"407021150",62.6890226666667
"306021155",51.2740033333333
"601031014",58.30527675
"404021101",115.142481958333
"102021047",164.999196
"206041120",0
"405041127",76.0936250416667
"404011092",159.971462208333
"702021055",30.3125515416667
"203021044",137.635030833333
"210031440",61.9083604583333
"308051531",105.556412208333
"109011176",154.321842708333
"120031390",268.088009833333
"208031187",58.0021024166667
"116031319",229.1723215
"211041271",129.480532625
"101041019",90.058383875
"127031599",126.060648791667
"304041099",0.273786083333333
"311031313",54.9511477083333
"601061034",79.4031423333333
"127021510",204.220784083333
"206031113",162.304978208333
"213011336",107.260965875
"509011229",30.7379921666667
"511041287",82.2369207916667
"801051053",45.9392344166667
"204031068",48.5169796666667
"103011060",73.4136269166667
"210011226",82.771330125
"116031317",246.296868375
"102011031",150.25385925
"405021118",44.669251
"204021067",101.098138833333
"701041042",33.79452925
"506031128",150.099716208333
"312011340",36.654839
"217011420",91.96697075
"117021328",86.7310057916667
"204011056",147.675392416667
"402021035",44.8106999166667
"314011387",126.800089416667
"212021455",146.282156125
"701041044",36.404356875
"205031091",111.926413583333
"801071086",18.0435500833333
"208011168",149.237885416667
"102021054",105.246318333333
"604021087",48.196107375
"801091103",31.6134640833333
"602021055",60.4929555833333
"101041025",113.624353583333
"209041225",88.3646948333333
"103031070",136.724776666667
"306051167",59.9255737083333
"311051324",92.3459547916667
"114011273",38.938825625
"124031458",255.3713385
"304041102",0
"201011007",41.79644125
"301031018",95.4923839583333
"701021027",28.7087347916667
"801011013",31.00389
"701011002",79.5625637916666
"112031251",95.236792
"215031401",69.7787667083333
"101041017",82.553542125
"403041074",108.773427583333
"122011419",247.747639791667
"210051442",126.985761833333
"402041044",177.996677041667
"313051378",126.118872291667
"311051323",117.622446875
"316061443",67.0640450833333
"106041127",42.83630525
"319021505",109.680676
"309051244",197.276738
"211011254",164.975143
"213031348",181.647623458333
"502011022",94.9077275
"217031473",56.3645800416667
"125021478",193.288783916667
"212011290",80.2975044166667
"105031102",94.9929707916667
"209011199",155.09728525
"209011201",85.0280657916666
"205051099",0.252841
"602031100",70.5080662083333
"213021343",154.869473625
"801091104",0
"106031125",146.8239735
"604021088",37.0334897083333
"311061333",113.594934041667
"507051185",357.527541208333
"305021117",138.798871208333
"102011030",50.90144075
"505031257",32.2084264166667
"319021503",71.044109
"128021607",182.497787583333
"316031427",209.391356958333
"115021298",56.2152977916667
"309101268",49.272336
"316021420",218.068621458333
"119041378",124.215344166667
"307011177",61.8633017083333
"507051192",133.959278541667
"105011095",53.5465723333333
"123021440",217.022367291667
"115031299",29.2892539583333
"108041165",56.3309114583333
"123011434",225.652769083333
"118021570",146.202709125
"511031282",49.0270754583333
"306031158",45.0942625
"318011461",84.2206781666667
"202031032",46.2271597083333
"109011175",123.474097666667
"401051019",140.001631125
"101041018",89.19449625
"601031018",51.4964305416667
"404021100",152.460647916667
"217031472",130.41264375
"501031018",62.3976248333333
"506021119",180.987490625
"118021348",285.911997333333
"402021029",188.320516916667
"505021097",172.327561375
"308031207",58.1287435416667
"122021422",145.7485565
"201031014",46.6655339166667
"319051523",34.02737025
"501021251",96.0265385
"604021089",60.2872263333333
"304011081",82.0750031666667
"202021030",102.45456925
"212051320",247.915839666667
"107031143",220.543637458333
"701041043",73.9788089166667
"304021090",96.0606521666667
"123021437",196.404070041667
"210011229",286.948835791667
"505021088",182.603513
"111031233",210.634669875
"401071023",189.613561
"317011455",88.766678875
"213011340",193.281589791667
"604011075",33.6254685833333
"210021234",43.71622225
"403041075",28.6849582916667
"213041355",223.132166875
"316071546",40.6022381666667
"505031103",277.992367583333
"117011322",268.209929375
"121021578",116.065873416667
"113031270",131.575535208333
"701041041",47.6404509166667
"120031575",275.378010583333
"511021277",46.2369362083333
"602011048",49.6118455833333
"801011004",31.4776818333333
"317011447",109.077296041667
"309091265",93.7226910833333
"309011229",74.9008395833333
"207031166",112.8128855
"212021294",281.46008475
"203021046",109.796820958333
"305021118",69.7481549583333
"213021342",210.586089416667
"604011078",67.731646625
"303061080",200.33066525
"209011197",223.5878195
"405031123",35.253769375
"126011496",221.766069791667
"701031035",49.9137140416667
"501021005",186.9495335
"314021388",259.412074833333
"121011402",274.332464666667
"304011082",77.11335175
"603011065",21.7922474583333
"115041301",113.379512583333
"309011226",153.266729666667
"108041163",301.001620166667
"215011387",33.4993549166667
"511041289",37.7612068333333
"402021032",129.251274
"505011081",89.234249125
"205021086",0
"505031258",95.288933125
"308051535",125.236512125
"211051282",105.876757041667
"801061062",30.8052450416667
"211051276",147.80417275
"107031137",73.8475560416667
"203021038",283.170662041667
"304011083",44.7277529166667
"212021293",249.512999333333
"405011114",70.420897625
"125031482",285.85032875
"401021006",95.3219350416667
"318021485",38.7792375
"125011583",0
"203021043",194.705631958333
"511041288",106.674250666667
"309071251",143.382899375
"309101270",260.99879325
"301011005",39.6926851666667
"207021157",229.199907708333
"213011328",85.90778675
"306021154",68.7542302916667
"503011031",90.4689815833333
"104021084",187.098506041667
"702031060",29.5057482083333
"308031212",31.0878625416667
"111021220",95.548162375
"505011075",118.926710625
"213041353",219.860343708333
"801071072",40.3352854166667
"212041311",342.483779166667
"308031210",125.414514041667
"509011225",148.18199865
"402021034",129.326579875
"211041270",176.565246625
"108021156",95.7748897083333
"309031236",93.1337012916667
"506041133",250.290492958333
"207031163",218.244295791667
"313031370",58.001018125
"202011025",124.812028083333
"505011070",106.9735955
"401061021",155.511159458333
"203031053",200.376194625
"216011408",40.3854814583333
"801011018",1.52899108333333
"319041518",148.661503541667
"604021085",147.001840041667
"114011275",0.545572166666667
"108051167",53.5709095
"406011133",169.801396583333
"212031300",218.786283666667
"302021029",67.9746562083333
"206061138",147.000428166667
"402021033",26.5723382083333
"109031181",71.709214375
"114011274",53.1491470416667
"127021512",185.553297208333
"119011355",9.86580091666667
"507041184",0
"308031213",108.389774958333
"701021022",51.4700659166667
"101051540",135.218816875
"309071258",337.406065166667
"121041415",316.9122775
"305041135",120.266390083333
"108021157",51.339064
"309011228",132.064972
"114021286",96.727838
"208021180",84.18012325
"507031169",150.171138958333
"213041360",211.73918075
"801041034",59.9831069166667
"316071548",213.5662325
"116021562",41.4960434166667
"204011060",47.0047944583333
"312021358",65.5118305
"316061444",113.535739916667
"801061131",47.858542875
"318021484",99.3561381666667
"318021470",77.7195356666667
"503021041",354.154606291667
"306021152",58.3179670416667
"801011008",51.256146375
"308051532",0.2111175
"303011049",121.11302675
"111011209",251.387856958333
"125011584",92.4481252916667
"306021146",88.8417337916667
"206011106",122.712798166667
"403031066",79.2795012083333
"313041372",151.158219416667
"601011003",45.8244247083333
"602011044",68.508616625
"403041071",124.252595125
"318021474",84.2079840416667
"209041432",91.0268870833333
"401021003",72.41531975
"507041183",53.43385075
"118021568",113.296816541667
"303021057",69.122969125
"506051139",132.171473916667
"308011191",86.4870530416667
"116021312",186.625272958333
"212051321",232.003882208333
"122021420",135.92714575
"209031215",150.303112125
"506051138",201.125409833333
"801071079",32.3841262916667
"210051250",70.15175075
"901021002",0
"214021383",188.530777458333
"407031161",32.434989
"106021117",242.119792958333
"203031049",55.1003750416667
"206041122",420.811363375
"604031097",44.15223375
"118021566",109.53484075
"212051326",236.869474875
"601031021",41.830553
"211031265",196.394768
"313041374",51.9875850833333
"318021490",99.0759089166667
"209021205",125.316461041667
"407031168",51.9583066666667
"505011078",141.447341875
"306031160",84.1785370416667
"311031317",156.865170333333
"108041164",185.035472166667
"201011008",155.336236083333
"309031238",199.08073675
"125041588",139.186106208333
"103031071",88.4258889583333
"319021507",41.3715670416667
"305021114",74.059842125
"402041048",183.498649666667
"307021183",181.94415475
"209041436",131.532844916667
"123011433",139.052545541667
"402041172",82.3749284583333
"316011414",175.91386475
"102021044",235.58095825
"127011506",192.367949291667
"122031430",185.255650333333
"101021012",137.78425625
"316031426",118.528336416667
"316021424",84.135482125
"507011161",159.149611666667
"504031062",115.187372125
"116031314",90.5751227083333
"505011077",142.506004833333
"103031073",36.660644875
"501031019",58.7153450833333
"206021111",276.762607666667
"214011371",246.258287916667
"304031094",133.958307916667
"314021389",190.477113375
"801051060",43.405046
"109021177",31.5811288333333
"316071545",89.1613295833333
"402051051",111.523623666667
"311061335",69.86868625
"113031269",227.637407041667
"212021295",124.303485291667
"402041171",142.96969375
"211041273",128.301607958333
"801031113",8.55042733333333
"312021352",123.364091916667
"318011460",96.8404222916667
"503011036",95.385603625
"119011361",226.355097958333
"128011530",198.022733541667
"319041517",51.734104875
"106031120",71.062526625
"604011076",52.8168590416667
"309031235",111.417619833333
"117031329",128.223188416667
"104021087",34.19376425
"702031058",21.5532889583333
"801011001",25.629476125
"510011266",24.853029125
"206041125",67.5859780416667
"312021350",54.2169305833333
"403041076",46.451055625
"211031266",187.798977958333
"215011391",35.1197655416667
"601051028",89.2108315
"316061442",109.317666416667
"504021049",50.821240875
"126021591",296.488848708333
"102011042",149.009485666667
"304031096",139.139049375
"601021008",76.9052617083333
"309061248",221.430001458333
"305011106",79.5401755416667
"109031184",62.4468483333333
"111011211",37.9187949583333
"304021087",73.658718875
"305031124",70.1584174166667
"316061440",91.40706525
"107031139",64.031008
"211041272",114.113147333333
"208011172",194.914306291667
"407011146",76.3819679583333
"102011037",66.933735375
"213051365",381.2755735
"128011604",259.218849416667
"125011586",218.927677666667
"403031065",49.0779969166667
"316051543",40.5787930833333
"506031127",194.92370225
"205051100",45.7449227916667
"511041291",39.3166120833333
"216021411",67.2553841666667
"801011025",27.250580875
"309021232",98.8639031666666
"509011227",51.3351482916667
"601041024",82.0554169583333
"601051027",85.0190089583333
"501021015",74.3666556666667
"212021299",85.699975125
"212021454",148.30019
"319031512",152.034356083333
"701021028",24.598276875
"123031447",180.418944
"505011074",113.011918708333
"209021428",221.981436333333
"212041317",238.371020875
"112011239",90.13063675
"504031067",73.9963108333333
"301011001",177.142789416667
"310011275",85.4066322083333
"119041380",155.890004291667
"308051538",66.34818875
"208021179",126.827479583333
"311031311",132.900412625
"403021063",107.950014416667
"307031185",44.848645
"702051067",111.640137708333
"308031211",52.125587
"112031551",35.1239596666667
"311021310",66.2846044583333
"210041241",290.005621916667
"101041023",34.58577575
"602031060",42.43779375
"311061336",136.384239625
"114011276",44.7623646666667
"303031065",103.097449208333
"128011529",189.377553333333
"204031073",159.057321708333
"318011466",27.4412967083333
"305021116",54.94962025
"111011207",60.220751875
"110031195",89.536690375
"601021012",45.1654879166667
"602011049",48.6918736666667
"319031515",39.271613625
"107011134",166.514410583333
"116021310",354.127382791667
"108051168",111.734933375
"318011464",46.8581495
"305041133",60.76818675
"801041047",72.9467801666667
"305011112",108.278829875
"310031291",82.6536557916667
"203021040",209.699756708333
"111031222",167.875368458333
"106031121",226.551323375
"123021443",214.84204925
"302021034",106.499997791667
"311021309",62.4428483333333
"214021385",197.733141583333
"403041089",121.059136583333
"405011112",66.1751849166667
"310031293",163.302838375
"112011241",55.7205315
"111021215",91.44984175
"701041038",47.8416801666667
"509021244",46.745008375
"208021426",162.14605675
"403041086",107.170073791667
"216031417",248.017282833333
"407021157",71.409149875
"318021476",83.1186692083333
"106021114",70.9573286666667
"102021046",100.545174583333
"801051061",62.375985625
"406021140",23.1000642083333
"106021115",293.629976375
"510021269",44.58556075
"503021042",177.476698791667
"304041098",89.624760625
"101061541",69.838851
"215021470",155.114255875
"107011547",45.5142484583333
"403031070",87.1861035
"506031129",145.821364291667
"318021471",112.562064291667
"101041027",95.7466955833333
"213051368",123.340817333333
"207031162",117.600670375
"602031058",42.299317375
"308031223",194.311949958333
"122021423",264.503761375
"503021043",195.136954458333
"801011010",21.2446478333333
"103031072",126.010811625
"111011206",190.955626791667
"201011004",258.27704225
"126021497",274.401897541667
"701021019",55.8506981666667
"124031457",167.997813541667
"123031446",104.011921125
"103011061",49.2971693333333
"206011108",291.181103416667
"701041040",33.7350235
"310031288",50.1078334583333
"207031164",193.392454416667
"208031189",140.095717333333
"117031336",185.888891083333
"316081549",235.1305585
"302021033",74.127065625
"701011007",31.5169327916667
"106031122",148.103288333333
"316011413",178.959707708333
"301031016",123.945834583333
"116011307",268.689303583333
"213011331",92.5940742083334
"211011449",46.515890875
"401031012",103.289372583333
"407031165",190.745868166667
"318021488",55.9356764583333
"303021058",61.2053942916667
"102021049",35.865010125
"801051124",34.6893913333333
"118021569",186.944896208333
"309071256",169.422749708333
"507011159",123.202508916667
"116011308",259.614833458333
"509011234",53.4752134583333
"112021249",161.523896458333
"212011288",93.5150186666667
"116021563",248.136094458333
"315011395",14.058672625
"313051542",0
"310011274",195.987944875
"309021233",131.030911958333
"318021483",24.906064875
"207021160",149.812541875
"119031373",122.2089495
"211051286",174.110087583333
"311041322",75.6977802083333
"125011587",54.8937575416667
"601011001",77.32435175
"506011110",205.099277708333
"507051191",211.594535791667
"125041494",115.672750166667
"213051362",211.7887925
"801051056",31.5537955
"504021053",136.606140666667
"301031014",0.094752875
"403031068",166.876839708333
"310021281",150.585978666667
"308051537",0
"403041079",80.1749162916667
"604031094",43.335152
"112021248",163.976357541667
"104021090",49.663541625
"403041085",100.481647125
"305011107",70.7580189583333
"114011279",149.665753875
"125031484",225.466959375
"208031183",98.728983625
"210051445",0
"316071547",112.817828666667
"501011004",96.0049025
"102011038",75.3856039583333
"210051249",241.316999208333
"303031064",69.807656875
"101031013",25.3537175
"203021041",249.189599583333
"101041022",0.262480208333333
"119021574",111.862050875
"107041146",228.525802333333
"206061135",94.7410449583333
"308051539",50.3135333333333
"507031170",82.1281698333333
"404031108",177.817394791667
"403021059",133.37451225
"212041316",82.4337087916667
"509011228",63.0415890833333
"801011016",77.187492875
"121021406",200.244857458333
"125031485",311.494583291667
"602031099",9.86488329166667
"307011173",68.1057973333333
"313051377",88.602979
"110041203",161.980988416667
"503021039",179.9567965
"701031032",96.7128067083333
"511031278",76.7596129166667
"801041040",65.7413381666667
"106021116",81.3185625416667
"501011001",58.2301924583333
"213051465",254.383758666667
"302011024",98.619313125
"113031271",157.918897041667
"602011039",43.511798875
"314031393",94.3502377083333
"119011358",179.165325208333
"403041073",99.5451732916667
"801071075",53.2343175416667
"510021270",101.861737208333
"404031107",260.0562645
"318011465",68.1343541666667
"213031352",163.972445666667
"211011257",87.4718346666667
"102021048",236.772547666667
"314011382",171.342197375
"118021564",164.558435458333
"601051029",50.2996450833333
"207011154",71.7926064583333
"401021009",53.6716368333333
"501021007",55.0005104166667
"603031074",46.3848302083333
"313051380",185.672354041667
"118011343",278.012285208333
"211011256",166.148234333333
"317011451",121.033995458333
"214021380",262.157217916667
"303011048",62.988226375
"108011152",152.766737958333
"208031186",155.355043875
"217041477",70.2782820416667
"105031106",95.2827275
"601031019",56.328078125
"206041123",231.53167275
"401021007",184.770495791667
"204031070",32.6505790416667
"801071087",32.036559875
"115011558",203.805160833333
"505011079",122.254478875
"115011559",252.039881875
"310031287",194.152110875
"305031129",43.55232825
"207011152",169.577061333333
"202011018",154.74977375
"120031395",147.065957541667
"216011409",40.799883125
"304021088",112.397817166667
"209041217",67.6228956666667
"303011047",122.23456125
"116021309",174.575491166667
"319041520",160.014126958333
"120021388",288.987812833333
"601051032",65.4067168333333
"310011272",86.9150664583333
"801011023",32.3056518333333
"112031254",208.894533833333
"101061543",112.932469791667
"107031140",84.346099625
"507031172",0.682048541666667
"406021141",28.4831996666667
"128011531",175.505908166667
"119031372",194.672826083333
"504011047",236.642188791667
"119011354",238.37260325
"108021160",54.5742185833333
"303031061",64.9151465833333
"212041314",287.699858791667
"407031164",66.3507730416667
"205051103",155.993951291667
"127011504",187.818140791667
"311021308",80.943384375
"318021478",55.4735512916667
"102021057",94.5301297916667
"209021208",264.426453583333
"318021491",65.2929582083333
"801041037",47.7737625416667
"305041136",63.2967359583333
"601061035",89.9177408333333
"310021282",126.613775875
"216021414",84.017423375
"506071146",124.558687083333
"208031190",143.429791458333
"209011202",175.871086333333
"116031315",223.327892291667
"110021194",70.2157782083333
"801071076",31.076031125
"119021363",334.643345458333
"110021191",124.847245833333
"213021346",171.649985375
"128011602",128.028570916667
"407031160",44.149039625
"109011174",111.961246916667
"115011294",68.088993375
"801041043",3.06928804166667
"603021070",45.4447995416667
"506021122",277.897444208333
"113031264",38.1076340416667
"501021016",43.6092184166667
"801041118",6.987518625
"311031314",129.786316791667
"121031407",231.941046958333
"110041205",197.408151791667
"214021378",59.0895800833333
"212051322",211.043020458333
"504031057",198.017814
"310011271",54.0948718333333
"505031107",143.457403208333
"105031100",112.337470416667
"213011333",151.311142791667
"110031196",59.217217375
"501011002",278.198743125
"402021030",109.680036791667
"310031295",33.1936218333333
"125011473",205.102142333333
"204021066",198.4067725
"126021503",212.21013925
"319011502",113.905804416667
"213021341",138.313218583333
"213051467",216.233010958333
"119021573",187.290795958333
"304011084",104.97147925
"318021472",63.3139007083333
"507051188",161.508303958333
"211051285",82.5756851666667
"108011153",65.157819
"317011458",139.150741583333
"205011078",81.9887228333333
"604021092",33.35479425
"309011225",95.625332875
"507041181",176.624942666667
"507011160",109.863183666667
"209041221",131.19989025
"211031268",104.640997125
"122031431",270.674227625
"124031462",210.066291833333
"702031057",51.3390857083333
"217031476",37.2483581666667
"302031039",104.24245625
"404011094",62.9629754166667
"308031214",54.2514580416667
"604011083",44.3381002916667
"407021173",158.30627125
"603021071",38.9957981666667
"124031465",55.928954875
"217011423",64.3486567916667
"301021007",160.739012666667
"309021231",123.18997825
"801011021",29.4386754166667
"103011058",256.35886725
"510011265",77.847445
"603011067",63.92922575
"506041132",203.610154458333
"308031217",35.1027910833333
"209041223",225.034391041667
"203031050",253.225139875
"203011036",60.9997493333333
"313011362",160.470197208333
"507021164",80.4372866666667
"209041216",83.357459125
"128021533",69.9848842083333
"501021014",94.7887785833333
"127011593",76.1167661666667
"123011435",307.329341208333
"211051280",74.1316499166667
"801051055",38.8955472083333
"209041437",99.4223380416667
"115011553",82.025613
"112021244",131.083574791667
"128011603",130.766710166667
"505011083",100.586956833333
"114021285",64.9177289583333
"108011151",50.1632785416667
"304031095",61.3564824166667
"111011212",123.658825
"206031114",303.156691083333
"503021037",0.378178166666667
"209021207",297.699800833333
"216011410",42.6995798333333
"212051323",168.122211375
"310031284",96.3014069583333
"215011390",72.9065566666667
"120011385",202.268030541667
"801071083",15.220436375
"307031187",57.7583163333333
"104021089",208.505047875
"306021151",65.4418758333333
"110021190",93.6728539166667
"204031075",47.9559624166667
"604011084",64.9885348333333
"104021083",62.949391125
"120031396",178.732229416667
"203011035",72.660854875
"602011045",38.5198396666667
"107031142",107.057124875
"127021517",90.4538698333333
"319011497",76.5459717916667
"601031013",41.8917490416667
"603021072",89.3231099166667
"509021243",112.69042325
"114011280",46.0777657083333
"201021009",62.6574109166667
"208031184",0.6288525
"125021476",297.370848083333
"403021061",161.379504375
"305041134",106.496803666667
"801011020",28.9479659583333
"209021429",134.762193625
"509011231",44.887450875
"201021010",82.4404029166667
"303041069",56.8697345833333
"208031193",219.615226208333
"801041044",81.9902228333333
"216011407",115.594858083333
"305041132",145.82189175
"801011022",33.04022975
"102011035",71.7634653333333
"311031312",80.6897375
"602011040",39.9847464583333
"119011356",124.018199208333
"214011370",225.721300375
"107031141",182.141997666667
"206041124",82.72380075
"214021379",239.386882958333
"113011258",108.048986958333
"506021123",156.422750833333
"127031524",223.6403195
"212051325",214.299980916667
"406011131",45.6712816666667
"204011059",67.0893509583333
"212041312",248.0578435
"213051361",211.2831105
"101031016",74.0696754583333
"301031020",144.144755708333
"801011003",74.8579219583333
"315011396",82.1625114583333
"215031402",40.8406340833333
"116031313",198.7707195
"118011346",131.646015416667
"124011454",231.993462666667
"306011143",66.1928222083333
"602011047",49.507759375
"314031394",132.404703166667
"112011240",106.886009291667
"206041121",120.758405416667
"210051243",179.334358416667
"127031598",298.766639291667
"401061022",81.4978467083333
"121041416",200.162716333333
"319051526",57.6835085416667
"107041150",213.169666083333
"309041242",153.25745125
"108021155",158.911026041667
"311031316",88.6119515416667
"206051128",172.69837875
"309091263",128.318802083333
"215031404",116.107122458333
"117031332",276.048696416667
"315011401",40.267519125
"209041219",250.052793083333
"120031576",39.2027234583333
"801051125",18.9489945416667
"204011054",67.8159014166667
"205051102",50.193947125
"407031167",50.5158175
"801011006",75.9868447083333
"126021499",113.693939791667
"315021404",53.6730352916667
"511041290",27.5585726666667
"205041098",48.637677625
"124011452",142.117082625
"215011393",29.1387775833333
"312021357",88.6819534583333
"308031205",73.6202974166667
"319011494",49.8560199166667
"701011005",42.1151449583333
"216031418",40.8228282083333
"211031450",164.6875785
"504021051",57.490836125
"118021567",118.90968125
"312021355",35.601528
"403021058",145.203872583333
"311051325",120.932048458333
"801011015",48.3278621666667
"307011174",44.9349527916667
"205041097",286.603379208333
"601021007",110.681902708333
"319011499",103.957752541667
"402031037",263.292472083333
"217031471",36.9313485833333
"106011112",173.175637375
"205041094",121.44981475
"213051369",254.232252916667
"403041078",66.5460846666667
"302011026",82.64385375
"302021032",71.3636479583333
"203031051",78.735262375
"511031279",144.73640075
"111011214",142.871744833333
"120011384",274.495844541667
"113031263",80.482202375
"108021158",72.1046122083333
"207031165",135.103954166667
"406011135",0.848303333333334
"302041043",39.4999820833333
"503021038",116.87331725
"124051581",172.942019875
"602011051",43.98056325
"106011113",52.72705125
"310011276",63.5622397916667
"119011357",285.856246375
"505021090",195.641048958333
"109031183",71.6564065833333
"801011002",70.632515125
"102011028",79.8887694166667
"308011190",79.536667875
"311021306",89.2302746666667
"602011038",55.323325875
"406011129",28.1779116666667
"215011386",87.84856775
"111021216",93.6054362916666
"402011026",210.170630916667
"108041166",118.947651875
"111031228",148.939764083333
"105011092",44.1842535416667
"310031286",71.1017775833333
"209031212",56.6493112083333
"310021278",54.9687869166667
"127021514",106.806479916667
"308031222",87.6143365833333
"319051524",193.819156208333
"407031162",57.533059625
"702011048",55.107590875
"205011077",63.8369747916667
"201011005",76.575752125
"211031451",144.589604375
"404011095",176.045062708333
"209011204",99.9379925833333
"405021116",43.6803320833333
"116031316",223.259270958333
"309061247",89.9309643333333
"403041080",144.85975125
"127021515",193.077138958333
"106011108",235.923879708333
"315011399",31.2839685416667
"801071084",57.2218559166667
"602021057",42.400876125
"701021011",26.42919325
"112011242",84.7312503333333
"118011339",205.894529958333
"310041303",73.9138089166667
"407021151",40.1015561666667
"209031214",73.384266125
"106031123",57.425195
"205031090",117.333578416667
"122031426",275.037944166667
"212031457",143.616963875
"211051278",203.704657
"305031128",118.931710625
"125021477",230.8132615
"301021012",159.260217625
"124051470",215.3096195
"207011149",237.16934525
"213031350",101.711352125
"801081093",31.61263075
"306041165",57.362165625
"701041037",32.426042
"103021068",35.8952591666667
"202021028",90.299448375
"202021027",112.81677375
"402011025",97.864790125
"215021395",72.7591352083333
"502011029",102.938249333333
"303011051",171.487758041667
"501031017",67.2412449583333
"210031438",242.494423875
"601021005",81.3097292083333
"307021179",90.7548500416667
"506011115",85.2964067916667
"207011151",257.090286166667
"208011171",120.052411791667
"117031335",249.185709416667
"312021349",64.218484375
"505021095",131.254086291667
"102021052",61.8125782083333
"124031461",185.890277416667
"125031480",168.099987875
"212021456",152.329479333333
"103021069",62.859332375
"509021242",33.7259724166667
"502011027",191.195691291667
"101061544",77.5274181666667
"117021327",223.564150916667
"303051075",170.206135416667
"202011020",144.031114583333
"201011003",246.572991625
"122021421",116.852980708333
"103041077",203.328749583333
"210051246",179.335830958333
"310031283",117.640695916667
"404011097",187.834532875
"403041082",0
"101041020",93.7960263333333
"127031601",63.3999888333333
"212041313",111.130806291667
"111011208",259.084120166667
"305031123",46.3915537083333
"209041224",175.434155291667
"801071071",52.3327064166667
"201031013",34.8080892916667
"305011108",92.6260192916667
"201021012",60.344145875
"214011375",179.658562125
"208021178",192.624292208333
"202021026",76.9461244166667
"308031218",36.4285548333333
"306021153",88.8809572916667
"701011009",31.6856326666667
"302011023",88.972908125
"307031184",52.0964771666667
"211051274",109.478811375
"801081094",27.6867609583333
"114011281",36.712480125
"405031120",48.8283500416667
"103021065",109.1863235
"112031253",142.545678416667
"120031393",188.52875
"305041137",120.232639125
"303041068",113.515267375
"128011605",34.1734034583333
"303031062",94.624468875
"403021060",99.8703514583333
"128021609",39.4276468333333
"312021351",87.2445760416667
"601041026",38.3763926666667
"208041194",221.480311166667
"306021145",124.87524775
"309071255",211.612008333333
"314011386",0
"604031096",38.142967375
"601021010",32.9810043333333
"117031338",368.292563083333
"305031125",51.0004720416667
"403041072",163.708241958333
"117011323",124.222593208333
"309011227",132.3555365
"211051277",99.1924695833333
"301021009",168.643003208333
"210031236",84.9639246666667
"507041178",157.800646083333
"119011359",279.260682416667
"301011004",191.433642125
"111021221",69.3585023333333
"601031015",81.7907700833333
"121021404",125.804531291667
"602011036",32.6576065
"309081261",252.279999375
"306031161",114.017306333333
"401021005",47.65323125
"509021239",89.9663819583333
"101041021",35.0112617083333
"312011338",91.6542102083334
"319011498",94.0231438333333
"315021406",36.3833824166667
"702011045",48.719895375
"403011057",216.100313
"701021018",19.86882725
"107041548",153.138919958333
"317011450",140.694262041667
"115011557",57.0050442916667
"111031234",130.773902375
"307031189",161.399612291667
"312031359",140.122744791667
"306041164",68.0420150833333
"501031020",53.2033999166667
"801061069",34.03909375
"507041179",84.9805364166667
"210011231",104.397962
"118021350",262.543639375
"312021356",71.7419359583333
"407031159",69.9163254583333
"407021174",151.095495916667
"211051275",107.523446083333
"203021045",155.797112208333
"207011150",179.944377583333
"316011416",111.386396333333
"801091102",37.1427994166667
"406021142",147.710794708333
"317011457",104.898087166667
"401041015",209.839733083333
"505031255",85.394857
"116011561",174.399873666667
"801011026",27.6076198333333
"305011111",67.238411625
"309081262",164.753996125
"317011446",147.232877083333
"601031016",44.0484534166667
"205021085",68.101769875
"701021010",23.9833969166667
"801031032",0.398789916666667
"112021246",140.247411458333
"101021010",52.08419875
"207011148",224.538126666667
"604031093",16.7007314166667
"506071147",182.213528958333
"509031246",40.2396698333333
"316031425",157.061011333333
"307021182",61.3575373333333
"402031038",216.807222333333
"503011033",86.4762765416667
"304011085",47.9999917916667
"206071144",342.327496916667
"110011187",47.78467825
"505021085",216.238013541667
"317011449",68.4922264583333
"213021344",193.997389291667
"318021486",67.6349780416667
"602031061",38.6206219166667
"801051057",55.5026649583333
"207011147",174.676689125
"204021063",109.159550833333
"124011450",203.743490333333
"504021050",76.7371735833333
"122031428",273.426645291667
"507011260",28.3963937916667
"301011006",126.719669875
"604011079",53.6870525416667
"306031159",100.593586458333
"316021422",84.980758
"305031122",114.80239
"212031308",84.1653722916667
"121011399",228.749255083333
"309101269",42.6821072916667
"302041041",184.181143291667
"215021398",39.255113625
"206031115",112.424095583333
"127031522",170.261164791667
"216021412",27.478310125
"217031474",56.897513
"402011027",59.57720525
"123031445",61.1376414166667
"206071139",91.8516904166667
"402051053",201.164162708333
"507021166",157.092428958333
"314011383",203.995276416667
"104011082",173.658264458333
"127021518",48.7074854166667
"206041118",123.916779666667
"209041435",132.755132291667
"207011146",84.874311
"506061142",173.159696125
"306031162",0.031917625
"305031131",107.274299208333
"211021261",175.053033958333
"306021157",51.8800774166667
"305011105",114.571133291667
"318021477",43.2884010416667
"509031250",52.6899120416667
"210031239",260.049070375
"502011025",92.3948929583333
"205051104",56.260354625
"124031460",227.800167583333
"309081260",76.8771499583333
"215011394",70.108221375
"306051166",114.769856791667
"110021193",63.5025182083333
"114021287",104.859697
"105021098",27.1660182916667
"401021010",57.9133495416667
"314021390",328.319483291667
"216011406",156.015367
"509011233",110.670206666667
"309061249",197.856227791667
"801011009",35.752451375
"506011116",0
"311031315",0
"119041381",221.212385875
"308031208",96.9994280416667
"215011389",36.0612942916667
"211021262",111.152918041667
"215021396",50.5126508333333
"507041176",0
"109031180",58.026241625
"121021579",103.672023291667
"801011017",38.2283045416667
"402041046",186.610106291667
"119041375",239.255769291667
"215031403",35.47496925
"124011455",64.9025622916667
"206041126",212.478092
"214021382",202.813436041667
"119021366",228.582555208333
"110021192",56.0292058333333
"319011495",65.5218854166667
"109021178",63.875861125
"214011372",208.870174958333
"204011058",0
"504031061",45.2141565
"122031427",138.801428041667
"319031511",66.5629454583333
"310041299",92.0421667916667
"701011004",38.1502183333333
"107031138",82.3599559166667
"309051243",77.8216787083333
"105021097",190.00961975
"206061137",234.076972916667
"308031206",19.7451292916667
"801091106",34.6643070416667
"502011026",63.061561625
"121041413",210.810291208333
"801041038",45.668615
"307021181",35.0643185416667
"401071024",218.209572291667
"306051168",48.276525
"210021232",139.425474666667
"801091105",32.7370260416667
"125011582",189.809511833333
"208011169",255.044973875
"201011001",124.139063833333
"124051580",125.014837791667
"318021487",70.6083465416667
"504031056",202.63273425
"205021082",82.78102425
"702011047",49.4202791666667
"505021084",167.48794125
"316011415",122.452872875
"801041048",59.0906075416667
"504031059",387.7244625
"212041459",136.921203875
"121031412",193.087278166667
"204021064",37.9503517916667
"210051247",165.267234958333
"601051031",128.368637333333
"313041373",241.999902791667
"103021063",97.5634708333333
"124031464",144.496514333333
"121011398",314.279669541667
"402021031",136.922396083333
"125041491",221.044158541667
"506061143",68.9876594166667
"510021267",72.1983574166667
"507021165",159.902886916667
"404021099",155.332457666667
"206071145",100.61073525
"310011273",301.262019916667
"319041516",48.6036757083333
"113011259",64.3992940833333
"501021009",92.820829
"801091110",23.180401375
"204011055",66.1575731666667
"108011154",65.8604518333333
"310031292",68.9008497083333
"602011041",95.818891625
"307011175",43.3497656666667
"308041528",91.041136125
"314031392",65.2678228333333
"210051248",0
"302041042",102.434873208333
"801081095",33.6509705
"701011008",47.3468040416667
"405041126",43.1947892916667
"601021011",64.3230980416667
"510031273",60.2434236666667
"801011014",32.36815375
"502011021",76.8600382083333
"110011186",252.887703083333
"212021453",130.904298291667
"101041024",35.4443849583333
"506031131",195.750137083333
"213031349",135.628414583333
"309071253",122.701825625
"208021177",233.421008666667
"511041292",61.6499639166667
"702021056",34.8539973333333
"123021436",204.705597625
"311031318",50.0689432916667
"507011163",81.180225375
"318021475",70.2990017083333
"306011139",117.442219541667
"502011024",200.557143541667
"406011132",24.2773790416667
"304031097",93.40579325
"110041199",98.7933112083333
"509021245",56.1021822083333
"503021040",96.3254657083333
"306011140",38.933325625
"310041304",168.010817375
"208041195",236.428461458333
"215011388",172.451980916667
"505021086",263.515842458333
"401021008",66.4208867083333
"308051534",64.6150801666667
"505031256",7.78209845833333
"302021030",46.87048475
"301031015",80.2433358333333
"211051284",105.149985
"213011335",188.784396875
"310041302",210.366523
"505031102",94.6842472916667
"201031016",83.815305875
"310041301",0
"213011332",146.031481791667
"217011422",114.657190125
"115041302",245.533155083333
"115021297",226.750721208333
"316021417",107.713200875
"405041124",56.7477856666667
"213051464",134.24820575
"207021425",152.8615515
"801051054",23.7045284583333
"504031058",55.6607805416667
"211011447",150.162163208333
"315011398",18.7816203333333
"505021096",151.5303995
"107041549",182.492509166667
"309021234",159.107156958333
"118021565",172.051775291667
"127011594",136.093067208333
"602031062",53.70241525
"119011360",176.304988
"303051074",51.2473405
"112011237",180.730092791667
"205041096",146.939924333333
"315021407",33.5918568333333
"110041200",44.2718199583333
"801041036",62.5089894583333
"206011109",109.604481875
"106011109",84.6286622083333
"210051444",155.867698416667
"312021347",5.62558820833333
"319021509",102.458761458333
"318021481",83.418900375
"405011110",65.63411275
"311051328",78.8412642916667
"211011251",131.803297666667
"121041414",199.891096916667
"501021252",31.8147757083333
"309071252",182.051940833333
"102011039",146.018924958333
"506011114",112.559542583333
"214011374",258.644443916667
"506061144",47.2227452916667
"105031104",46.6315575416667
"119021367",151.724571916667
"404031105",28.823268
"212021297",118.715926458333
"120011383",238.377548333333
"201021011",95.4903290416667
"127031523",203.414925833333
"111031235",87.668644375
"406011134",38.6590925416667
"801011024",30.9355822083333
"301021011",85.9438985
"604011080",36.1475177916667
"202011021",99.4375047083333
"309021230",65.198960125
"313051379",110.088161958333
"304031092",81.7117700833333
"801011019",72.0265572916667
"105011096",69.845145375
"112021247",78.2293843333333
"126021500",237.626497875
"302011025",96.371244125
"701021021",53.1967881666667
"204031072",62.9996989166667
"208031188",245.588629541667
"206011105",287.345013958333
"107011132",92.7861623333333
"311061331",67.5075016666667
"309031240",98.347360375
"202011024",91.9083864583333
"212011287",142.5685705
"115031300",235.501513166667
"701021025",43.3919891666667
"313021364",42.8832797083333
"312011341",94.795139375
"305031126",112.270201583333
"116011306",243.885795541667
"211011259",151.077580208333
"110041202",218.178558875
"318021469",35.4933319583333
"206051132",130.837157166667
"316061439",87.750703125
"213011337",126.965455958333
"316061441",62.0292525416667
"406021138",26.5312424166667
"702041062",29.3793305833333
"216031419",107.691922458333
"120031394",184.3689
"303041071",116.211683125
"103031074",110.229136416667
"801091101",34.3447974583333
"127021516",207.390464208333
"211031263",128.374609875
"304021089",44.456439375
"117011321",118.199909208333
"315031408",50.6784330833333
"701021029",20.9961950833333
"303021054",53.2341234166667
"123021444",223.89410175
"310031285",73.0945055833333
"510011262",149.218393125
"702011050",28.503556625
"302041044",73.6054110833334
"303061079",97.6515059583333
"510011264",38.1845107916667
"507031174",117.662919416667
"510031271",139.645668791667
"210011228",94.1854005416667
"306021150",0
"127021519",194.735188791667
"504031060",29.3582009583333
"405041128",42.2128429166667
"504011048",86.724645
"511011275",41.250424
"103021064",57.8449574583333
"301031017",45.1139310833333
"124031463",103.074170791667
"302031035",100.812295916667
"309031239",102.07905775
"122031425",81.6052387916667
"210021235",101.214836791667
"801041120",1.11108941666667
"121021577",128.519558791667
"107041144",228.984482416667
"117031337",310.379244833333
"305011109",143.129642666667
"405011111",96.2314069583334
"316021421",127.78556325
"103041078",211.746618166667
"211031267",220.267190458333
"403041087",239.145847833333
"504021054",129.977183333333
"503011035",203.67354525
"307011172",86.8819253333333
"507041182",134.552603583333
"113021262",49.9135492916667
"213051363",98.2969702083333
"801071077",29.1254991666667
"407021152",56.5376681666667
"205011079","199.929542"
"407021156","33.805058625"
"402051049","109.547979958333"
"501021254","54.8809772083333"
"106031124","53.5807996666667"
"510021268","47.7236278333333"
"125031481","228.753282541667"
"602011037","44.9758155"
"212041309","129.055964291667"
"306021148","93.3816482916667"
"505031104","114.020476833333"
"402041043","181.282555125"
"312021348","114.644911708333"
"209041434","179.865679625"
"506031124","220.520309875"
"801061129","15.6168929583333"
"509021240","54.0033954583333"
"119031371","136.42982775"
"801051058","59.441840625"
"102011029","115.203595625"
"106011107","108.653894375"
"601031020","69.5060904583333"
"125031483","228.195078875"
"308011192","145.322901958333"
"801071082","157.55624825"
"102011040","253.984213958333"
"801091107","0"
"801051051","59.3549210833333"
"603021069","31.6942993333333"
"319021508","40.58673625"
"310041297","99.6760104583333"
"405031122","150.367888625"
"506041137","250.299690291667"
"801101139","28.991162"
"119041376","292.375639833333"
"212041318","138.526641958333"
"107041145","167.209902291667"
"313021366","220.133596583333"
"126021498","157.113597541667"
"309031237","110.990273083333"
"602031059","72.9608625416667"
"111021218","160.0865465"
"311041320","139.241272875"
"107031136","154.112031083333"
"205021084","105.17237325"
"124031459","152.698043833333"
"604011082","73.3356505416667"
"306011141","138.042846291667"
"309051245","85.5833320833334"
"701021024","22.4208215416667"
"318021482","166.581602791667"
"304041104","108.226327958333"
"801111141","0"
"601041022","120.333390083333"
"407021155","24.4706906666667"
"111021219","144.297369375"
"507041180","117.101321708333"
"125041493","236.42509875"
"112011243","87.9829049166667"
"406011130","69.8549352916667"
"305031119","31.1543389166667"
"316051434","49.7924630833333"
"507011152","95.791226875"
"401031011","200.300192708333"
"102011043","123.371733041667"
"215021469","192.87248825"
"115011554","60.2618380833333"
"210051242","145.768223166667"
"213041359","32.9933945"
"313011363","194.546459541667"
"108041162","178.149347541667"
"106021118","107.127820916667"
"801041039","68.4110029583333"
"602021053","39.812519125"
"303031063","163.186254083333"
"206071143","137.506166208333"
"210031237","151.441285833333"
"303051076","104.225760208333"
"214021377","119.967825583333"
"801091109","32.043671625"
"110041204","60.4977537916667"
"128021534","113.733829958333"
"602011042","55.9656509166667"
"402041041","155.594161375"
"510031272","169.747532625"
"701021020","51.1758366666667"
"102021051","52.53465725"
"507011153","87.684367875"
"203021039","136.972094041667"
"604031095","41.7673805833333"
"313031371","84.7669719166667"
"801071073","61.0333610833333"
"509021236","58.0029906666667"
"405021119","101.113999625"
"701031031","79.2149897083333"
"111011213","129.262664166667"
"604021090","30.80416075"
"319011493","177.198958"
"113021260","36.5911429583333"
"309061250","84.6496092083333"
"212011289","194.602824166667"
"107011546","106.053176583333"
"602011046","68.6746772916667"
"310041296","149.620728333333"
"206041117","212.003855083333"
"318021479","50.2010295"
"801081092","33.6025803333333"
"114021289","70.4795936666667"
"402051054","169.8098455"
"201011002","128.836401708333"
"111021217","152.18919325"
"214011376","143.114642666667"
"509021241","49.9238564583333"
"801091108","27.34033375"
"208021427","144.182147791667"
"209011198","162.671183833333"
"112031252","103.79099775"
"110031197","76.8446716666667"
"102011032","203.090635916667"
"106041126","129.834842333333"
"401051017","108.895515708333"
"116011304","195.171033625"
"205031087","93.1907032083333"
"114011278","216.324391541667"
"303051073","234.805744958333"
"503011032","82.4037911666667"
"311051327","126.5821935"
"102011041","105.487355375"
"211011446","240.041376583333"
"202031033","74.3564340833333"
"103041076","77.0795439583333"
"204031069","86.9237899583333"
"318021480","113.996941708333"
"506021118","156.008672875"
"308051536","38.6390944583333"
"213011330","288.399907333333"
"125041589","169.464890833333"
"407011149","61.3606490833333"
"118011340","238.489746291667"
"602021056","34.3193798333333"
"201011006","75.3736039583333"
"502011023","106.258933291667"
"114021284","138.450389083333"
"202011022","208.973455291667"
"702041064","34.6706659166667"
"121041417","119.070492875"
"213031351","126.293074083333"
"120011386","224.727687333333"
"505031098","129.409362125"
"308031221","0.168894"
"310041298","0.0425568333333333"
"212031305","280.487165833333"
"310041300","118.161517125"
"206051134","184.463543041667"
"315011397","11.5717134583333"
"302021031","149.928516333333"
"127011596","125.794252875"
"901011001","0"
"801061070","31.69507775"
"318021467","51.4624011666667"
"207031161","233.452592958333"
"304041103","179.451723041667"
"506041135","206.499713875"
"214021384","226.390876375"
"212051324","202.032467958333"
"801091100","55.7754510416667"
"311031319","173.281866625"
"308031209","53.1255352916667"
"115011291","218.399744708333"
"407011145","50.6597115"
"507041177","149.656175333333"
"119021362","208.505386958333"
"507011154","113.343289083333"
"211011260","194.5886575"
"303051072","92.2934254166667"
"511011274","125.503252291667"
"206051133","295.004941916667"
"401051018","132.305313"
"601011002","57.5806988333333"
"302011022","78.9088779583333"
"111031224","128.841399791667"
"206011107","152.106389291667"
"208021181","102.727494541667"
"702051068","29.7396735"
"316021418","70.383174125"
"505031108","278.059451875"
"505021092","172.751629708333"
"312021354","61.6219607083333"
"304041101","90.9780518333333"
"505011071","150.108633833333"
"128011606","84.1902899166667"
"702051066","49.7556910416667"
"801041046","110.940049583333"
"306051170","119.123902833333"
"309071254","38.8606570416667"
"308031220","30.8820802916667"
"505011080","85.215099"
"319011500","78.5380880416667"
"601021006","34.1042897916667"
"317011454","61.991638875"
"407021154","65.0335386666667"
"501021012","125.092814166667"
"406021143","42.5132682083333"
"215011392","86.165821875"
"101021008","89.4420862916666"
